[{"length": 17, "label": "valid"}, {"length": 38, "label": "valid"}, {"length": 53, "label": "valid"}, {"length": 32, "label": "valid"}, {"length": 35, "label": "valid"}, {"length": 80, "label": "valid"}, {"length": 66, "label": "valid"}, {"length": 86, "label": "valid"}, {"length": 98, "label": "valid"}, {"length": 10, "label": "valid"}, {"length": 63, "label": "valid"}, {"length": 27, "label": "valid"}, {"length": 2, "label": "valid"}, {"length": 2, "label": "valid"}, {"length": 1, "label": "valid"}, {"length": 40, "label": "valid"}, {"length": 50, "label": "valid"}, {"length": 29, "label": "valid"}, {"length": 99, "label": "valid"}, {"length": 85, "label": "valid"}, {"length": 40, "label": "valid"}, {"length": 0, "label": "valid"}, {"length": 61, "label": "valid"}, {"length": 63, "label": "valid"}, {"length": 44, "label": "valid"}, {"length": 36, "label": "valid"}, {"length": 63, "label": "valid"}, {"length": 71, "label": "valid"}, {"length": 6, "label": "valid"}, {"length": 6, "label": "valid"}, {"length": 29, "label": "valid"}, {"length": 43, "label": "valid"}, {"length": 47, "label": "valid"}, {"length": 85, "label": "valid"}, {"length": 0, "label": "valid"}, {"length": 95, "label": "valid"}, {"length": 39, "label": "valid"}, {"length": 81, "label": "valid"}, {"length": 29, "label": "valid"}, {"length": 15, "label": "valid"}, {"length": 82, "label": "valid"}, {"length": 62, "label": "valid"}, {"length": 56, "label": "valid"}, {"length": 47, "label": "valid"}, {"length": 60, "label": "valid"}, {"length": 17, "label": "valid"}, {"length": 80, "label": "valid"}, {"length": 57, "label": "valid"}, {"length": 66, "label": "valid"}, {"length": 97, "label": "valid"}, {"length": 41, "label": "valid"}, {"length": 81, "label": "valid"}, {"length": 68, "label": "valid"}, {"length": 75, "label": "valid"}, {"length": 7, "label": "valid"}, {"length": 78, "label": "valid"}, {"length": 30, "label": "valid"}, {"length": 93, "label": "valid"}, {"length": 88, "label": "valid"}, {"length": 62, "label": "valid"}, {"length": 47, "label": "valid"}, {"length": 1, "label": "valid"}, {"length": 67, "label": "valid"}, {"length": 57, "label": "valid"}, {"length": 47, "label": "valid"}, {"length": 45, "label": "valid"}, {"length": 47, "label": "valid"}, {"length": 71, "label": "valid"}, {"length": 97, "label": "valid"}, {"length": 22, "label": "valid"}, {"length": 47, "label": "valid"}, {"length": 76, "label": "valid"}, {"length": 52, "label": "valid"}, {"length": 22, "label": "valid"}, {"length": 13, "label": "valid"}, {"length": 8, "label": "valid"}, {"length": 3, "label": "valid"}, {"length": 42, "label": "valid"}, {"length": 38, "label": "valid"}, {"length": 26, "label": "valid"}, {"length": 55, "label": "valid"}, {"length": 57, "label": "valid"}, {"length": 37, "label": "valid"}, {"length": 79, "label": "valid"}, {"length": 25, "label": "valid"}, {"length": 29, "label": "valid"}, {"length": 14, "label": "valid"}, {"length": 71, "label": "valid"}, {"length": 40, "label": "valid"}, {"length": 32, "label": "valid"}, {"length": 46, "label": "valid"}, {"length": 37, "label": "valid"}, {"length": 44, "label": "valid"}, {"length": 91, "label": "valid"}, {"length": 11, "label": "valid"}, {"length": 25, "label": "valid"}, {"length": 24, "label": "valid"}, {"length": 2, "label": "valid"}, {"length": 7, "label": "valid"}, {"length": 54, "label": "valid"}, {"length": 85, "label": "valid"}, {"length": 21, "label": "valid"}, {"length": 58, "label": "valid"}, {"length": 43, "label": "valid"}, {"length": 37, "label": "valid"}, {"length": 72, "label": "valid"}, {"length": 66, "label": "valid"}, {"length": 47, "label": "valid"}, {"length": 72, "label": "valid"}, {"length": 98, "label": "valid"}, {"length": 31, "label": "valid"}, {"length": 98, "label": "valid"}, {"length": 86, "label": "valid"}, {"length": 34, "label": "valid"}, {"length": 26, "label": "valid"}, {"length": 10, "label": "valid"}, {"length": 0, "label": "valid"}, {"length": 93, "label": "valid"}, {"length": 52, "label": "valid"}, {"length": 20, "label": "valid"}, {"length": 15, "label": "valid"}, {"length": 29, "label": "valid"}, {"length": 31, "label": "valid"}, {"length": 82, "label": "valid"}, {"length": 13, "label": "valid"}, {"length": 2, "label": "valid"}, {"length": 70, "label": "valid"}, {"length": 25, "label": "valid"}, {"length": 83, "label": "valid"}, {"length": 52, "label": "valid"}, {"length": 69, "label": "valid"}, {"length": 44, "label": "valid"}, {"length": 52, "label": "valid"}, {"length": 35, "label": "valid"}, {"length": 99, "label": "valid"}, {"length": 19, "label": "valid"}, {"length": 47, "label": "valid"}, {"length": 0, "label": "valid"}, {"length": 18, "label": "valid"}, {"length": 62, "label": "valid"}, {"length": 77, "label": "valid"}, {"length": 44, "label": "valid"}, {"length": 13, "label": "valid"}, {"length": 31, "label": "valid"}, {"length": 60, "label": "valid"}, {"length": 90, "label": "valid"}, {"length": 97, "label": "valid"}, {"length": 98, "label": "valid"}, {"length": 87, "label": "valid"}, {"length": 40, "label": "valid"}, {"length": 29, "label": "valid"}, {"length": 50, "label": "valid"}, {"length": 81, "label": "valid"}, {"length": 63, "label": "valid"}, {"length": 36, "label": "valid"}, {"length": 99, "label": "valid"}, {"length": 26, "label": "valid"}, {"length": 87, "label": "valid"}, {"length": 68, "label": "valid"}, {"length": 78, "label": "valid"}, {"length": 70, "label": "valid"}, {"length": 69, "label": "valid"}, {"length": 12, "label": "valid"}, {"length": 20, "label": "valid"}, {"length": 96, "label": "valid"}, {"length": 62, "label": "valid"}, {"length": 16, "label": "valid"}, {"length": 62, "label": "valid"}, {"length": 38, "label": "valid"}, {"length": 89, "label": "valid"}, {"length": 71, "label": "valid"}, {"length": 69, "label": "valid"}, {"length": 39, "label": "valid"}, {"length": 45, "label": "valid"}, {"length": 98, "label": "valid"}, {"length": 88, "label": "valid"}, {"length": 60, "label": "valid"}, {"length": 78, "label": "valid"}, {"length": 21, "label": "valid"}, {"length": 39, "label": "valid"}, {"length": 77, "label": "valid"}, {"length": 2, "label": "valid"}, {"length": 32, "label": "valid"}, {"length": 27, "label": "valid"}, {"length": 83, "label": "valid"}, {"length": 35, "label": "valid"}, {"length": 80, "label": "valid"}, {"length": 78, "label": "valid"}, {"length": 72, "label": "valid"}, {"length": 27, "label": "valid"}, {"length": 76, "label": "valid"}, {"length": 63, "label": "valid"}, {"length": 17, "label": "valid"}, {"length": 92, "label": "valid"}, {"length": 56, "label": "valid"}, {"length": 11, "label": "valid"}, {"length": 85, "label": "valid"}, {"length": 96, "label": "valid"}, {"length": 12, "label": "valid"}, {"length": 46, "label": "valid"}, {"length": 55, "label": "valid"}, {"length": 60, "label": "valid"}, {"length": 32, "label": "valid"}, {"length": 90, "label": "valid"}, {"length": 77, "label": "valid"}, {"length": 71, "label": "valid"}, {"length": 8, "label": "valid"}, {"length": 21, "label": "valid"}, {"length": 78, "label": "valid"}, {"length": 91, "label": "valid"}, {"length": 85, "label": "valid"}, {"length": 81, "label": "valid"}, {"length": 83, "label": "valid"}, {"length": 12, "label": "valid"}, {"length": 80, "label": "valid"}, {"length": 50, "label": "valid"}, {"length": 35, "label": "valid"}, {"length": 66, "label": "valid"}, {"length": 69, "label": "valid"}, {"length": 92, "label": "valid"}, {"length": 19, "label": "valid"}, {"length": 65, "label": "valid"}, {"length": 63, "label": "valid"}, {"length": 21, "label": "valid"}, {"length": 9, "label": "valid"}, {"length": 82, "label": "valid"}, {"length": 83, "label": "valid"}, {"length": 85, "label": "valid"}, {"length": 54, "label": "valid"}, {"length": 17, "label": "valid"}, {"length": 37, "label": "valid"}, {"length": 27, "label": "valid"}, {"length": 7, "label": "valid"}, {"length": 9, "label": "valid"}, {"length": 6, "label": "valid"}, {"length": 40, "label": "valid"}, {"length": 11, "label": "valid"}, {"length": 70, "label": "valid"}, {"length": 37, "label": "valid"}, {"length": 27, "label": "valid"}, {"length": 76, "label": "valid"}, {"length": 62, "label": "valid"}, {"length": 18, "label": "valid"}, {"length": 22, "label": "valid"}, {"length": 59, "label": "valid"}, {"length": 30, "label": "valid"}, {"length": 1, "label": "valid"}, {"length": 74, "label": "valid"}, {"length": 18, "label": "valid"}, {"length": 37, "label": "valid"}, {"length": 61, "label": "valid"}, {"length": 85, "label": "valid"}, {"length": 41, "label": "valid"}, {"length": 97, "label": "valid"}, {"length": 9, "label": "valid"}, {"length": 95, "label": "valid"}, {"length": 56, "label": "valid"}, {"length": 67, "label": "valid"}, {"length": 54, "label": "valid"}, {"length": 9, "label": "valid"}, {"length": 14, "label": "valid"}, {"length": 44, "label": "valid"}, {"length": 84, "label": "valid"}, {"length": 40, "label": "valid"}, {"length": 37, "label": "valid"}, {"length": 88, "label": "valid"}, {"length": 31, "label": "valid"}, {"length": 49, "label": "valid"}, {"length": 73, "label": "valid"}, {"length": 25, "label": "valid"}, {"length": 24, "label": "valid"}, {"length": 46, "label": "valid"}, {"length": 19, "label": "valid"}, {"length": 10, "label": "valid"}, {"length": 42, "label": "valid"}, {"length": 47, "label": "valid"}, {"length": 37, "label": "valid"}, {"length": 66, "label": "valid"}, {"length": 13, "label": "valid"}, {"length": 92, "label": "valid"}, {"length": 87, "label": "valid"}, {"length": 59, "label": "valid"}, {"length": 63, "label": "valid"}, {"length": 47, "label": "valid"}, {"length": 27, "label": "valid"}, {"length": 41, "label": "valid"}, {"length": 80, "label": "valid"}, {"length": 56, "label": "valid"}, {"length": 75, "label": "valid"}, {"length": 50, "label": "valid"}, {"length": 75, "label": "valid"}, {"length": 90, "label": "valid"}, {"length": 14, "label": "valid"}, {"length": 29, "label": "valid"}, {"length": 92, "label": "valid"}, {"length": 24, "label": "valid"}, {"length": 6, "label": "valid"}, {"length": 2, "label": "valid"}, {"length": 89, "label": "valid"}, {"length": 47, "label": "valid"}, {"length": 41, "label": "valid"}, {"length": 85, "label": "valid"}, {"length": 3, "label": "valid"}, {"length": 42, "label": "valid"}, {"length": 40, "label": "valid"}, {"length": 73, "label": "valid"}, {"length": 95, "label": "valid"}, {"length": 79, "label": "valid"}, {"length": 61, "label": "valid"}, {"length": 26, "label": "valid"}, {"length": 51, "label": "valid"}, {"length": 12, "label": "valid"}, {"length": 93, "label": "valid"}, {"length": 90, "label": "valid"}, {"length": 97, "label": "valid"}, {"length": 92, "label": "valid"}, {"length": 19, "label": "valid"}, {"length": 20, "label": "valid"}, {"length": 62, "label": "valid"}, {"length": 43, "label": "valid"}, {"length": 3, "label": "valid"}, {"length": 96, "label": "valid"}, {"length": 17, "label": "valid"}, {"length": 20, "label": "valid"}, {"length": 15, "label": "valid"}, {"length": 25, "label": "valid"}, {"length": 44, "label": "valid"}, {"length": 33, "label": "valid"}, {"length": 35, "label": "valid"}, {"length": 4, "label": "valid"}, {"length": 45, "label": "valid"}, {"length": 65, "label": "valid"}, {"length": 71, "label": "valid"}, {"length": 40, "label": "valid"}, {"length": 26, "label": "valid"}, {"length": 51, "label": "valid"}, {"length": 83, "label": "valid"}, {"length": 5, "label": "valid"}, {"length": 54, "label": "valid"}, {"length": 61, "label": "valid"}, {"length": 32, "label": "valid"}, {"length": 22, "label": "valid"}, {"length": 10, "label": "valid"}, {"length": 11, "label": "valid"}, {"length": 38, "label": "valid"}, {"length": 12, "label": "valid"}, {"length": 82, "label": "valid"}, {"length": 19, "label": "valid"}, {"length": 70, "label": "valid"}, {"length": 19, "label": "valid"}, {"length": 95, "label": "valid"}, {"length": 34, "label": "valid"}, {"length": 44, "label": "valid"}, {"length": 22, "label": "valid"}, {"length": 77, "label": "valid"}, {"length": 30, "label": "valid"}, {"length": 10, "label": "valid"}, {"length": 70, "label": "valid"}, {"length": 52, "label": "valid"}, {"length": 8, "label": "valid"}, {"length": 8, "label": "valid"}, {"length": 63, "label": "valid"}, {"length": 55, "label": "valid"}, {"length": 39, "label": "valid"}, {"length": 81, "label": "valid"}, {"length": 61, "label": "valid"}, {"length": 11, "label": "valid"}, {"length": 24, "label": "valid"}, {"length": 75, "label": "valid"}, {"length": 88, "label": "valid"}, {"length": 11, "label": "valid"}, {"length": 13, "label": "valid"}, {"length": 15, "label": "valid"}, {"length": 54, "label": "valid"}, {"length": 41, "label": "valid"}, {"length": 65, "label": "valid"}, {"length": 29, "label": "valid"}, {"length": 8, "label": "valid"}, {"length": 77, "label": "valid"}, {"length": 35, "label": "valid"}, {"length": 90, "label": "valid"}, {"length": 84, "label": "valid"}, {"length": 39, "label": "valid"}, {"length": 87, "label": "valid"}, {"length": 98, "label": "valid"}, {"length": 91, "label": "valid"}, {"length": 35, "label": "valid"}, {"length": 57, "label": "valid"}, {"length": 87, "label": "valid"}, {"length": 10, "label": "valid"}, {"length": 29, "label": "valid"}, {"length": 4, "label": "valid"}, {"length": 44, "label": "valid"}, {"length": 9, "label": "valid"}, {"length": 28, "label": "valid"}, {"length": 82, "label": "valid"}, {"length": 48, "label": "valid"}, {"length": 15, "label": "valid"}, {"length": 11, "label": "valid"}, {"length": 38, "label": "valid"}, {"length": 66, "label": "valid"}, {"length": 7, "label": "valid"}, {"length": 77, "label": "valid"}, {"length": 5, "label": "valid"}, {"length": 56, "label": "valid"}, {"length": 13, "label": "valid"}, {"length": 2, "label": "valid"}, {"length": 81, "label": "valid"}, {"length": 60, "label": "valid"}, {"length": 81, "label": "valid"}, {"length": 84, "label": "valid"}, {"length": 12, "label": "valid"}, {"length": 85, "label": "valid"}, {"length": 22, "label": "valid"}, {"length": 14, "label": "valid"}, {"length": 93, "label": "valid"}, {"length": 12, "label": "valid"}, {"length": 63, "label": "valid"}, {"length": 40, "label": "valid"}, {"length": 35, "label": "valid"}, {"length": 81, "label": "valid"}, {"length": 91, "label": "valid"}, {"length": 12, "label": "valid"}, {"length": 82, "label": "valid"}, {"length": 85, "label": "valid"}, {"length": 89, "label": "valid"}, {"length": 61, "label": "valid"}, {"length": 22, "label": "valid"}, {"length": 9, "label": "valid"}, {"length": 11, "label": "valid"}, {"length": 50, "label": "valid"}, {"length": 81, "label": "valid"}, {"length": 14, "label": "valid"}, {"length": 0, "label": "valid"}, {"length": 6, "label": "valid"}, {"length": 54, "label": "valid"}, {"length": 89, "label": "valid"}, {"length": 35, "label": "valid"}, {"length": 90, "label": "valid"}, {"length": 50, "label": "valid"}, {"length": 62, "label": "valid"}, {"length": 5, "label": "valid"}, {"length": 76, "label": "valid"}, {"length": 56, "label": "valid"}, {"length": 33, "label": "valid"}, {"length": 73, "label": "valid"}, {"length": 63, "label": "valid"}, {"length": 69, "label": "valid"}, {"length": 12, "label": "valid"}, {"length": 81, "label": "valid"}, {"length": 63, "label": "valid"}, {"length": 97, "label": "valid"}, {"length": 29, "label": "valid"}, {"length": 50, "label": "valid"}, {"length": 55, "label": "valid"}, {"length": 21, "label": "valid"}, {"length": 98, "label": "valid"}, {"length": 1, "label": "valid"}, {"length": 2, "label": "valid"}, {"length": 84, "label": "valid"}, {"length": 0, "label": "valid"}, {"length": 49, "label": "valid"}, {"length": 81, "label": "valid"}, {"length": 38, "label": "valid"}, {"length": 9, "label": "valid"}, {"length": 86, "label": "valid"}, {"length": 65, "label": "valid"}, {"length": 95, "label": "valid"}, {"length": 23, "label": "valid"}, {"length": 21, "label": "valid"}, {"length": 95, "label": "valid"}, {"length": 20, "label": "valid"}, {"length": 97, "label": "valid"}, {"length": 56, "label": "valid"}, {"length": 83, "label": "valid"}, {"length": 26, "label": "valid"}, {"length": 20, "label": "valid"}, {"length": 62, "label": "valid"}, {"length": 84, "label": "valid"}, {"length": 78, "label": "valid"}, {"length": 28, "label": "valid"}, {"length": 62, "label": "valid"}, {"length": 58, "label": "valid"}, {"length": 67, "label": "valid"}, {"length": 27, "label": "valid"}, {"length": 35, "label": "valid"}, {"length": 76, "label": "valid"}, {"length": 16, "label": "valid"}, {"length": 80, "label": "valid"}, {"length": 16, "label": "valid"}, {"length": 52, "label": "valid"}, {"length": 10, "label": "valid"}, {"length": 7, "label": "valid"}, {"length": 83, "label": "valid"}, {"length": 95, "label": "valid"}, {"length": 41, "label": "valid"}, {"length": 0, "label": "valid"}, {"length": 72, "label": "valid"}, {"length": 57, "label": "valid"}, {"length": 85, "label": "valid"}, {"length": 499, "label": "parameter-tampering"}, {"length": 156, "label": "parameter-tampering"}, {"length": 146, "label": "parameter-tampering"}, {"length": 385, "label": "parameter-tampering"}, {"length": 306, "label": "parameter-tampering"}, {"length": 325, "label": "parameter-tampering"}, {"length": 265, "label": "parameter-tampering"}, {"length": 149, "label": "parameter-tampering"}, {"length": 370, "label": "parameter-tampering"}, {"length": 111, "label": "parameter-tampering"}, {"length": 442, "label": "parameter-tampering"}, {"length": 499, "label": "parameter-tampering"}, {"length": 169, "label": "parameter-tampering"}, {"length": 245, "label": "parameter-tampering"}, {"length": 243, "label": "parameter-tampering"}, {"length": 305, "label": "parameter-tampering"}, {"length": 103, "label": "parameter-tampering"}, {"length": 302, "label": "parameter-tampering"}, {"length": 377, "label": "parameter-tampering"}, {"length": 250, "label": "parameter-tampering"}, {"length": 223, "label": "parameter-tampering"}, {"length": 478, "label": "parameter-tampering"}, {"length": 297, "label": "parameter-tampering"}, {"length": 229, "label": "parameter-tampering"}, {"length": 487, "label": "parameter-tampering"}, {"length": 491, "label": "parameter-tampering"}, {"length": 387, "label": "parameter-tampering"}, {"length": 149, "label": "parameter-tampering"}, {"length": 462, "label": "parameter-tampering"}, {"length": 155, "label": "parameter-tampering"}, {"length": 416, "label": "parameter-tampering"}, {"length": 116, "label": "parameter-tampering"}, {"length": 145, "label": "parameter-tampering"}, {"length": 283, "label": "parameter-tampering"}, {"length": 181, "label": "parameter-tampering"}, {"length": 425, "label": "parameter-tampering"}, {"length": 401, "label": "parameter-tampering"}, {"length": 294, "label": "parameter-tampering"}, {"length": 145, "label": "parameter-tampering"}, {"length": 287, "label": "parameter-tampering"}, {"length": 322, "label": "parameter-tampering"}, {"length": 132, "label": "parameter-tampering"}, {"length": 253, "label": "parameter-tampering"}, {"length": 489, "label": "parameter-tampering"}, {"length": 193, "label": "parameter-tampering"}, {"length": 236, "label": "parameter-tampering"}, {"length": 270, "label": "parameter-tampering"}, {"length": 391, "label": "parameter-tampering"}, {"length": 438, "label": "parameter-tampering"}, {"length": 157, "label": "parameter-tampering"}, {"length": 125, "label": "parameter-tampering"}, {"length": 330, "label": "parameter-tampering"}, {"length": 197, "label": "parameter-tampering"}, {"length": 220, "label": "parameter-tampering"}, {"length": 216, "label": "parameter-tampering"}, {"length": 167, "label": "parameter-tampering"}, {"length": 135, "label": "parameter-tampering"}, {"length": 116, "label": "parameter-tampering"}, {"length": 187, "label": "parameter-tampering"}, {"length": 477, "label": "parameter-tampering"}, {"length": 314, "label": "parameter-tampering"}, {"length": 358, "label": "parameter-tampering"}, {"length": 409, "label": "parameter-tampering"}, {"length": 183, "label": "parameter-tampering"}, {"length": 408, "label": "parameter-tampering"}, {"length": 189, "label": "parameter-tampering"}, {"length": 175, "label": "parameter-tampering"}, {"length": 352, "label": "parameter-tampering"}, {"length": 120, "label": "parameter-tampering"}, {"length": 163, "label": "parameter-tampering"}, {"length": 254, "label": "parameter-tampering"}, {"length": 491, "label": "parameter-tampering"}, {"length": 102, "label": "parameter-tampering"}, {"length": 338, "label": "parameter-tampering"}, {"length": 168, "label": "parameter-tampering"}, {"length": 490, "label": "parameter-tampering"}, {"length": 433, "label": "parameter-tampering"}, {"length": 117, "label": "parameter-tampering"}, {"length": 166, "label": "parameter-tampering"}, {"length": 274, "label": "parameter-tampering"}, {"length": 145, "label": "parameter-tampering"}, {"length": 151, "label": "parameter-tampering"}, {"length": 210, "label": "parameter-tampering"}, {"length": 455, "label": "parameter-tampering"}, {"length": 222, "label": "parameter-tampering"}, {"length": 395, "label": "parameter-tampering"}, {"length": 176, "label": "parameter-tampering"}, {"length": 324, "label": "parameter-tampering"}, {"length": 471, "label": "parameter-tampering"}, {"length": 351, "label": "parameter-tampering"}, {"length": 446, "label": "parameter-tampering"}, {"length": 134, "label": "parameter-tampering"}, {"length": 101, "label": "parameter-tampering"}, {"length": 223, "label": "parameter-tampering"}, {"length": 191, "label": "parameter-tampering"}, {"length": 136, "label": "parameter-tampering"}, {"length": 259, "label": "parameter-tampering"}, {"length": 432, "label": "parameter-tampering"}, {"length": 160, "label": "parameter-tampering"}, {"length": 139, "label": "parameter-tampering"}, {"length": 122, "label": "parameter-tampering"}, {"length": 195, "label": "parameter-tampering"}, {"length": 226, "label": "parameter-tampering"}, {"length": 180, "label": "parameter-tampering"}, {"length": 461, "label": "parameter-tampering"}, {"length": 284, "label": "parameter-tampering"}, {"length": 166, "label": "parameter-tampering"}, {"length": 495, "label": "parameter-tampering"}, {"length": 205, "label": "parameter-tampering"}, {"length": 483, "label": "parameter-tampering"}, {"length": 444, "label": "parameter-tampering"}, {"length": 497, "label": "parameter-tampering"}, {"length": 364, "label": "parameter-tampering"}, {"length": 346, "label": "parameter-tampering"}, {"length": 390, "label": "parameter-tampering"}, {"length": 495, "label": "parameter-tampering"}, {"length": 409, "label": "parameter-tampering"}, {"length": 289, "label": "parameter-tampering"}, {"length": 187, "label": "parameter-tampering"}, {"length": 221, "label": "parameter-tampering"}, {"length": 398, "label": "parameter-tampering"}, {"length": 418, "label": "parameter-tampering"}, {"length": 116, "label": "parameter-tampering"}, {"length": 172, "label": "parameter-tampering"}, {"length": 464, "label": "parameter-tampering"}, {"length": 412, "label": "parameter-tampering"}, {"length": 311, "label": "parameter-tampering"}, {"length": 404, "label": "parameter-tampering"}, {"length": 277, "label": "parameter-tampering"}, {"length": 463, "label": "parameter-tampering"}, {"length": 299, "label": "parameter-tampering"}, {"length": 114, "label": "parameter-tampering"}, {"length": 178, "label": "parameter-tampering"}, {"length": 317, "label": "parameter-tampering"}, {"length": 160, "label": "parameter-tampering"}, {"length": 311, "label": "parameter-tampering"}, {"length": 387, "label": "parameter-tampering"}, {"length": 293, "label": "parameter-tampering"}, {"length": 200, "label": "parameter-tampering"}, {"length": 236, "label": "parameter-tampering"}, {"length": 163, "label": "parameter-tampering"}, {"length": 405, "label": "parameter-tampering"}, {"length": 431, "label": "parameter-tampering"}, {"length": 480, "label": "parameter-tampering"}, {"length": 436, "label": "parameter-tampering"}, {"length": 367, "label": "parameter-tampering"}, {"length": 318, "label": "parameter-tampering"}, {"length": 260, "label": "parameter-tampering"}, {"length": 201, "label": "parameter-tampering"}, {"length": 264, "label": "parameter-tampering"}, {"length": 210, "label": "parameter-tampering"}, {"length": 145, "label": "parameter-tampering"}, {"length": 310, "label": "parameter-tampering"}, {"length": 383, "label": "parameter-tampering"}, {"length": 274, "label": "parameter-tampering"}, {"length": 136, "label": "parameter-tampering"}, {"length": 394, "label": "parameter-tampering"}, {"length": 431, "label": "parameter-tampering"}, {"length": 351, "label": "parameter-tampering"}, {"length": 300, "label": "parameter-tampering"}, {"length": 335, "label": "parameter-tampering"}, {"length": 313, "label": "parameter-tampering"}, {"length": 130, "label": "parameter-tampering"}, {"length": 279, "label": "parameter-tampering"}, {"length": 348, "label": "parameter-tampering"}, {"length": 481, "label": "parameter-tampering"}, {"length": 317, "label": "parameter-tampering"}, {"length": 274, "label": "parameter-tampering"}, {"length": 279, "label": "parameter-tampering"}, {"length": 404, "label": "parameter-tampering"}, {"length": 278, "label": "parameter-tampering"}, {"length": 232, "label": "parameter-tampering"}, {"length": 323, "label": "parameter-tampering"}, {"length": 364, "label": "parameter-tampering"}, {"length": 249, "label": "parameter-tampering"}, {"length": 336, "label": "parameter-tampering"}, {"length": 131, "label": "parameter-tampering"}, {"length": 199, "label": "parameter-tampering"}, {"length": 321, "label": "parameter-tampering"}, {"length": 366, "label": "parameter-tampering"}, {"length": 462, "label": "parameter-tampering"}, {"length": 435, "label": "parameter-tampering"}, {"length": 208, "label": "parameter-tampering"}, {"length": 342, "label": "parameter-tampering"}, {"length": 440, "label": "parameter-tampering"}, {"length": 399, "label": "parameter-tampering"}, {"length": 242, "label": "parameter-tampering"}, {"length": 160, "label": "parameter-tampering"}, {"length": 356, "label": "parameter-tampering"}, {"length": 369, "label": "parameter-tampering"}, {"length": 478, "label": "parameter-tampering"}, {"length": 474, "label": "parameter-tampering"}, {"length": 491, "label": "parameter-tampering"}, {"length": 387, "label": "parameter-tampering"}, {"length": 442, "label": "parameter-tampering"}, {"length": 174, "label": "parameter-tampering"}, {"length": 411, "label": "parameter-tampering"}, {"length": 365, "label": "parameter-tampering"}, {"length": 451, "label": "parameter-tampering"}, {"length": 264, "label": "parameter-tampering"}, {"length": 218, "label": "parameter-tampering"}, {"length": 379, "label": "parameter-tampering"}, {"length": 463, "label": "parameter-tampering"}, {"length": 479, "label": "parameter-tampering"}, {"length": 181, "label": "parameter-tampering"}, {"length": 401, "label": "parameter-tampering"}, {"length": 471, "label": "parameter-tampering"}, {"length": 130, "label": "parameter-tampering"}, {"length": 238, "label": "parameter-tampering"}, {"length": 456, "label": "parameter-tampering"}, {"length": 334, "label": "parameter-tampering"}, {"length": 382, "label": "parameter-tampering"}, {"length": 148, "label": "parameter-tampering"}, {"length": 237, "label": "parameter-tampering"}, {"length": 415, "label": "parameter-tampering"}, {"length": 484, "label": "parameter-tampering"}, {"length": 346, "label": "parameter-tampering"}, {"length": 458, "label": "parameter-tampering"}, {"length": 376, "label": "parameter-tampering"}, {"length": 150, "label": "parameter-tampering"}, {"length": 259, "label": "parameter-tampering"}, {"length": 344, "label": "parameter-tampering"}, {"length": 399, "label": "parameter-tampering"}, {"length": 145, "label": "parameter-tampering"}, {"length": 425, "label": "parameter-tampering"}, {"length": 416, "label": "parameter-tampering"}, {"length": 184, "label": "parameter-tampering"}, {"length": 394, "label": "parameter-tampering"}, {"length": 490, "label": "parameter-tampering"}, {"length": 146, "label": "parameter-tampering"}, {"length": 351, "label": "parameter-tampering"}, {"length": 404, "label": "parameter-tampering"}, {"length": 422, "label": "parameter-tampering"}, {"length": 268, "label": "parameter-tampering"}, {"length": 401, "label": "parameter-tampering"}, {"length": 349, "label": "parameter-tampering"}, {"length": 453, "label": "parameter-tampering"}, {"length": 119, "label": "parameter-tampering"}, {"length": 326, "label": "parameter-tampering"}, {"length": 223, "label": "parameter-tampering"}, {"length": 297, "label": "parameter-tampering"}, {"length": 263, "label": "parameter-tampering"}, {"length": 120, "label": "parameter-tampering"}, {"length": 175, "label": "parameter-tampering"}, {"length": 377, "label": "parameter-tampering"}, {"length": 324, "label": "parameter-tampering"}, {"length": 371, "label": "parameter-tampering"}, {"length": 455, "label": "parameter-tampering"}, {"length": 381, "label": "parameter-tampering"}, {"length": 128, "label": "parameter-tampering"}, {"length": 176, "label": "parameter-tampering"}, {"length": 166, "label": "parameter-tampering"}, {"length": 309, "label": "parameter-tampering"}, {"length": 168, "label": "parameter-tampering"}, {"length": 482, "label": "parameter-tampering"}, {"length": 115, "label": "parameter-tampering"}, {"length": 320, "label": "parameter-tampering"}, {"length": 428, "label": "parameter-tampering"}, {"length": 195, "label": "parameter-tampering"}, {"length": 279, "label": "parameter-tampering"}, {"length": 492, "label": "parameter-tampering"}, {"length": 107, "label": "parameter-tampering"}, {"length": 358, "label": "parameter-tampering"}, {"length": 310, "label": "parameter-tampering"}, {"length": 476, "label": "parameter-tampering"}, {"length": 451, "label": "parameter-tampering"}, {"length": 234, "label": "parameter-tampering"}, {"length": 478, "label": "parameter-tampering"}, {"length": 110, "label": "parameter-tampering"}, {"length": 381, "label": "parameter-tampering"}, {"length": 223, "label": "parameter-tampering"}, {"length": 126, "label": "parameter-tampering"}, {"length": 376, "label": "parameter-tampering"}, {"length": 307, "label": "parameter-tampering"}, {"length": 379, "label": "parameter-tampering"}, {"length": 288, "label": "parameter-tampering"}, {"length": 124, "label": "parameter-tampering"}, {"length": 206, "label": "parameter-tampering"}, {"length": 249, "label": "parameter-tampering"}, {"length": 245, "label": "parameter-tampering"}, {"length": 389, "label": "parameter-tampering"}, {"length": 274, "label": "parameter-tampering"}, {"length": 174, "label": "parameter-tampering"}, {"length": 132, "label": "parameter-tampering"}, {"length": 410, "label": "parameter-tampering"}, {"length": 222, "label": "parameter-tampering"}, {"length": 421, "label": "parameter-tampering"}, {"length": 125, "label": "parameter-tampering"}, {"length": 153, "label": "parameter-tampering"}, {"length": 478, "label": "parameter-tampering"}, {"length": 107, "label": "parameter-tampering"}, {"length": 287, "label": "parameter-tampering"}, {"length": 490, "label": "parameter-tampering"}, {"length": 374, "label": "parameter-tampering"}, {"length": 226, "label": "parameter-tampering"}, {"length": 248, "label": "parameter-tampering"}, {"length": 484, "label": "parameter-tampering"}, {"length": 282, "label": "parameter-tampering"}, {"length": 116, "label": "parameter-tampering"}, {"length": 386, "label": "parameter-tampering"}, {"length": 301, "label": "parameter-tampering"}, {"length": 491, "label": "parameter-tampering"}, {"length": 419, "label": "parameter-tampering"}, {"length": 264, "label": "parameter-tampering"}, {"length": 247, "label": "parameter-tampering"}, {"length": 450, "label": "parameter-tampering"}, {"length": 291, "label": "parameter-tampering"}, {"length": 483, "label": "parameter-tampering"}, {"length": 492, "label": "parameter-tampering"}, {"length": 398, "label": "parameter-tampering"}, {"length": 101, "label": "parameter-tampering"}, {"length": 154, "label": "parameter-tampering"}, {"length": 282, "label": "parameter-tampering"}, {"length": 439, "label": "parameter-tampering"}, {"length": 381, "label": "parameter-tampering"}, {"length": 185, "label": "parameter-tampering"}, {"length": 134, "label": "parameter-tampering"}, {"length": 177, "label": "parameter-tampering"}, {"length": 156, "label": "parameter-tampering"}, {"length": 198, "label": "parameter-tampering"}, {"length": 100, "label": "parameter-tampering"}, {"length": 219, "label": "parameter-tampering"}, {"length": 183, "label": "parameter-tampering"}, {"length": 393, "label": "parameter-tampering"}, {"length": 435, "label": "parameter-tampering"}, {"length": 469, "label": "parameter-tampering"}, {"length": 238, "label": "parameter-tampering"}, {"length": 370, "label": "parameter-tampering"}, {"length": 237, "label": "parameter-tampering"}, {"length": 483, "label": "parameter-tampering"}, {"length": 298, "label": "parameter-tampering"}, {"length": 416, "label": "parameter-tampering"}, {"length": 224, "label": "parameter-tampering"}, {"length": 355, "label": "parameter-tampering"}, {"length": 119, "label": "parameter-tampering"}, {"length": 485, "label": "parameter-tampering"}, {"length": 251, "label": "parameter-tampering"}, {"length": 434, "label": "parameter-tampering"}, {"length": 272, "label": "parameter-tampering"}, {"length": 469, "label": "parameter-tampering"}, {"length": 437, "label": "parameter-tampering"}, {"length": 296, "label": "parameter-tampering"}, {"length": 488, "label": "parameter-tampering"}, {"length": 246, "label": "parameter-tampering"}, {"length": 175, "label": "parameter-tampering"}, {"length": 135, "label": "parameter-tampering"}, {"length": 133, "label": "parameter-tampering"}, {"length": 479, "label": "parameter-tampering"}, {"length": 357, "label": "parameter-tampering"}, {"length": 330, "label": "parameter-tampering"}, {"length": 376, "label": "parameter-tampering"}, {"length": 308, "label": "parameter-tampering"}, {"length": 342, "label": "parameter-tampering"}, {"length": 385, "label": "parameter-tampering"}, {"length": 395, "label": "parameter-tampering"}, {"length": 492, "label": "parameter-tampering"}, {"length": 267, "label": "parameter-tampering"}, {"length": 259, "label": "parameter-tampering"}, {"length": 425, "label": "parameter-tampering"}, {"length": 237, "label": "parameter-tampering"}, {"length": 178, "label": "parameter-tampering"}, {"length": 388, "label": "parameter-tampering"}, {"length": 312, "label": "parameter-tampering"}, {"length": 468, "label": "parameter-tampering"}, {"length": 284, "label": "parameter-tampering"}, {"length": 187, "label": "parameter-tampering"}, {"length": 433, "label": "parameter-tampering"}, {"length": 389, "label": "parameter-tampering"}, {"length": 368, "label": "parameter-tampering"}, {"length": 210, "label": "parameter-tampering"}, {"length": 476, "label": "parameter-tampering"}, {"length": 485, "label": "parameter-tampering"}, {"length": 388, "label": "parameter-tampering"}, {"length": 450, "label": "parameter-tampering"}, {"length": 488, "label": "parameter-tampering"}, {"length": 229, "label": "parameter-tampering"}, {"length": 419, "label": "parameter-tampering"}, {"length": 447, "label": "parameter-tampering"}, {"length": 269, "label": "parameter-tampering"}, {"length": 375, "label": "parameter-tampering"}, {"length": 253, "label": "parameter-tampering"}, {"length": 469, "label": "parameter-tampering"}, {"length": 497, "label": "parameter-tampering"}, {"length": 142, "label": "parameter-tampering"}, {"length": 452, "label": "parameter-tampering"}, {"length": 338, "label": "parameter-tampering"}, {"length": 383, "label": "parameter-tampering"}, {"length": 482, "label": "parameter-tampering"}, {"length": 200, "label": "parameter-tampering"}, {"length": 463, "label": "parameter-tampering"}, {"length": 457, "label": "parameter-tampering"}, {"length": 224, "label": "parameter-tampering"}, {"length": 318, "label": "parameter-tampering"}, {"length": 171, "label": "parameter-tampering"}, {"length": 161, "label": "parameter-tampering"}, {"length": 148, "label": "parameter-tampering"}, {"length": 215, "label": "parameter-tampering"}, {"length": 204, "label": "parameter-tampering"}, {"length": 119, "label": "parameter-tampering"}, {"length": 224, "label": "parameter-tampering"}, {"length": 202, "label": "parameter-tampering"}, {"length": 128, "label": "parameter-tampering"}, {"length": 111, "label": "parameter-tampering"}, {"length": 231, "label": "parameter-tampering"}, {"length": 420, "label": "parameter-tampering"}, {"length": 469, "label": "parameter-tampering"}, {"length": 122, "label": "parameter-tampering"}, {"length": 341, "label": "parameter-tampering"}, {"length": 452, "label": "parameter-tampering"}, {"length": 215, "label": "parameter-tampering"}, {"length": 326, "label": "parameter-tampering"}, {"length": 332, "label": "parameter-tampering"}, {"length": 177, "label": "parameter-tampering"}, {"length": 201, "label": "parameter-tampering"}, {"length": 310, "label": "parameter-tampering"}, {"length": 395, "label": "parameter-tampering"}, {"length": 479, "label": "parameter-tampering"}, {"length": 249, "label": "parameter-tampering"}, {"length": 468, "label": "parameter-tampering"}, {"length": 244, "label": "parameter-tampering"}, {"length": 340, "label": "parameter-tampering"}, {"length": 283, "label": "parameter-tampering"}, {"length": 290, "label": "parameter-tampering"}, {"length": 467, "label": "parameter-tampering"}, {"length": 346, "label": "parameter-tampering"}, {"length": 331, "label": "parameter-tampering"}, {"length": 270, "label": "parameter-tampering"}, {"length": 282, "label": "parameter-tampering"}, {"length": 418, "label": "parameter-tampering"}, {"length": 366, "label": "parameter-tampering"}, {"length": 434, "label": "parameter-tampering"}, {"length": 328, "label": "parameter-tampering"}, {"length": 492, "label": "parameter-tampering"}, {"length": 365, "label": "parameter-tampering"}, {"length": 120, "label": "parameter-tampering"}, {"length": 239, "label": "parameter-tampering"}, {"length": 149, "label": "parameter-tampering"}, {"length": 187, "label": "parameter-tampering"}, {"length": 357, "label": "parameter-tampering"}, {"length": 354, "label": "parameter-tampering"}, {"length": 320, "label": "parameter-tampering"}, {"length": 174, "label": "parameter-tampering"}, {"length": 372, "label": "parameter-tampering"}, {"length": 117, "label": "parameter-tampering"}, {"length": 349, "label": "parameter-tampering"}, {"length": 479, "label": "parameter-tampering"}, {"length": 402, "label": "parameter-tampering"}, {"length": 398, "label": "parameter-tampering"}, {"length": 396, "label": "parameter-tampering"}, {"length": 496, "label": "parameter-tampering"}, {"length": 495, "label": "parameter-tampering"}, {"length": 224, "label": "parameter-tampering"}, {"length": 330, "label": "parameter-tampering"}, {"length": 499, "label": "parameter-tampering"}, {"length": 337, "label": "parameter-tampering"}, {"length": 259, "label": "parameter-tampering"}, {"length": 283, "label": "parameter-tampering"}, {"length": 169, "label": "parameter-tampering"}, {"length": 201, "label": "parameter-tampering"}, {"length": 384, "label": "parameter-tampering"}, {"length": 443, "label": "parameter-tampering"}, {"length": 230, "label": "parameter-tampering"}, {"length": 148, "label": "parameter-tampering"}, {"length": 305, "label": "parameter-tampering"}, {"length": 445, "label": "parameter-tampering"}, {"length": 130, "label": "parameter-tampering"}, {"length": 493, "label": "parameter-tampering"}, {"length": 456, "label": "parameter-tampering"}, {"length": 368, "label": "parameter-tampering"}, {"length": 367, "label": "parameter-tampering"}, {"length": 233, "label": "parameter-tampering"}, {"length": 493, "label": "parameter-tampering"}, {"length": 444, "label": "parameter-tampering"}, {"length": 319, "label": "parameter-tampering"}, {"length": 460, "label": "parameter-tampering"}, {"length": 119, "label": "parameter-tampering"}, {"length": 328, "label": "parameter-tampering"}, {"length": 128, "label": "parameter-tampering"}, {"length": 251, "label": "parameter-tampering"}, {"length": 164, "label": "parameter-tampering"}, {"length": 199, "label": "parameter-tampering"}, {"length": 237, "label": "parameter-tampering"}, {"length": 421, "label": "parameter-tampering"}, {"length": 448, "label": "parameter-tampering"}, {"length": 160, "label": "parameter-tampering"}, {"length": 143, "label": "parameter-tampering"}, {"length": 405, "label": "parameter-tampering"}, {"length": 434, "label": "parameter-tampering"}, {"length": 463, "label": "parameter-tampering"}, {"length": 387, "label": "parameter-tampering"}, {"length": 332, "label": "parameter-tampering"}, {"length": 191, "label": "parameter-tampering"}, {"length": 299, "label": "parameter-tampering"}, {"length": 145, "label": "parameter-tampering"}, {"length": 149, "label": "parameter-tampering"}, {"length": 388, "label": "parameter-tampering"}, {"length": 232, "label": "parameter-tampering"}, {"length": 169, "label": "parameter-tampering"}, {"length": 374, "label": "parameter-tampering"}, {"length": 482, "label": "parameter-tampering"}]